followers_count,following_count,posts_count,engagement_rate,profile_picture,bio_length,account_age_days,fake
127,1732,9,0.94,0,37,27,1
6705,777,1150,6.37,1,171,2898,0
96,3191,29,0.07,0,38,53,1
1654,1670,890,1.41,1,84,1302,0
156,1056,6,0.64,0,35,71,1
107,1242,25,1.0,0,19,128,1
6034,1652,563,9.92,1,216,2724,0
22,1439,11,0.72,0,37,56,1
1045,736,638,7.35,1,155,2774,0
77,5393,28,1.68,1,16,23,1
3123,543,851,9.96,1,241,2158,0
182,2547,8,0.5,0,14,65,1
177,2796,2,1.77,0,27,136,1
4899,1465,1266,13.66,1,232,2725,0
5741,175,1093,12.16,1,197,3365,0
4785,420,295,11.55,1,96,2877,0
6319,1419,408,14.69,1,221,2480,0
7458,1206,1274,10.19,1,39,505,0
155,7294,27,0.96,0,16,177,1
87,4721,14,1.94,0,21,26,1
454,599,1414,10.56,1,143,2052,0
90,3648,20,0.11,0,5,85,1
127,608,14,0.67,0,29,30,1
2115,115,163,6.79,1,26,952,0
76,1163,0,0.67,0,19,175,1
3149,581,479,4.48,1,161,1561,0
10,1103,25,1.16,0,2,47,1
2254,1910,375,4.69,1,177,3171,0
105,1219,935,1.25,1,241,492,0
2784,1173,1487,1.42,1,160,1725,0
4518,108,1314,5.68,1,80,1488,0
2242,404,784,0.82,1,243,1575,0
3191,394,423,14.92,1,161,438,0
1958,1303,75,11.12,1,190,1766,0
8527,1411,433,1.57,1,71,1526,0
901,810,638,9.95,1,282,3335,0
76,3259,21,0.06,1,36,69,1
138,5500,27,0.76,0,39,16,1
4574,698,605,1.47,1,267,633,0
8495,1590,217,14.48,1,188,2869,0
1534,963,918,1.53,1,57,3430,0
194,7369,26,0.11,0,18,154,1
5589,1005,1336,7.4,1,63,929,0
9485,601,952,14.18,1,141,855,0
176,5849,12,1.48,0,19,10,1
6338,280,208,14.57,1,288,1004,0
5967,1621,1050,6.27,1,91,1005,0
310,188,392,10.99,1,168,1628,0
6489,290,1166,5.3,1,179,1207,0
97,518,21,1.97,0,26,171,1
39,6450,3,0.54,0,37,80,1
6345,1134,671,9.5,1,87,1760,0
146,2116,1,0.26,0,0,92,1
6596,90,1015,13.38,1,279,1323,0
3580,895,1077,10.26,1,80,1123,0
19,3637,15,0.21,0,12,71,1
25,6185,25,1.12,0,10,72,1
144,2160,4,1.96,0,4,83,1
188,5676,13,1.69,1,9,95,1
903,955,1206,5.69,1,141,1254,0
53,1481,8,0.6,0,11,21,1
6039,1215,1023,13.2,1,21,1636,0
113,2385,16,0.62,0,9,51,1
5847,1271,1459,5.9,0,206,1494,0
112,6054,15,1.22,0,17,17,1
184,767,6,0.72,0,37,7,1
843,891,236,10.32,1,25,934,0
24,2449,2,0.02,0,36,154,1
3890,58,1453,9.73,1,220,2554,0
110,6644,22,0.69,0,6,51,1
78,5117,23,1.21,0,34,169,1
4192,1942,699,9.63,1,122,566,0
4,3523,23,1.61,0,28,14,1
6370,1276,958,0.64,1,246,1333,0
6081,131,147,11.9,1,176,1344,0
5492,751,1040,11.61,1,218,1197,0
187,5758,25,1.38,0,15,144,1
4482,145,1397,8.79,1,34,1657,0
7559,32,456,9.56,1,41,3004,0
139,1152,17,1.13,1,38,92,1
7919,1585,21,14.59,1,177,2385,0
4374,714,52,9.17,1,41,2959,0
199,2067,6,0.58,0,36,146,1
140,2112,12,0.48,0,18,155,1
89,3268,20,0.87,0,16,58,1
5,4031,26,1.32,0,9,15,1
144,6765,4,1.72,1,38,18,1
3317,984,798,8.03,1,36,3471,0
6943,912,809,14.72,1,196,266,0
42,4800,20,0.98,0,27,63,1
64,1180,24,0.26,0,6,120,1
147,2796,5,0.91,0,16,136,1
2861,1694,1200,14.36,1,44,3519,0
8258,644,844,9.59,1,59,3552,0
198,4865,18,1.61,1,4,103,1
134,4743,18,1.74,0,16,86,1
305,1740,1046,4.6,1,245,2722,0
108,5955,5,0.03,0,12,8,1
41,7272,5,1.61,0,35,169,1
109,3503,15,0.52,0,3,25,1
3441,1827,610,8.39,1,180,2460,0
8604,1736,220,2.83,1,71,3483,0
2529,83,659,14.37,1,282,2760,0
17,5628,16,0.99,0,1,49,1
3158,1868,736,6.94,1,183,2759,0
6283,64,580,14.67,1,246,2649,0
8712,410,524,1.15,1,34,1737,0
5642,1142,455,10.97,0,121,2055,0
1306,1323,1496,6.72,1,64,1559,0
4380,455,387,0.61,1,208,2243,0
3950,1139,713,10.92,1,209,1157,0
155,4705,13,0.07,0,21,112,1
8120,519,133,6.18,1,247,1550,0
137,2006,28,0.25,0,17,101,1
8522,243,719,12.67,1,138,2538,0
7077,846,391,2.44,1,191,868,0
160,4268,5,1.85,0,1,64,1
6078,1729,679,4.96,1,204,1110,0
2418,274,1058,13.97,1,287,3542,0
105,3852,16,1.59,0,17,179,1
48,2743,9,1.15,0,31,47,1
8816,1214,257,2.2,0,228,572,0
115,1853,21,0.18,0,5,100,1
4129,1002,949,8.01,1,163,1332,0
8361,836,1189,12.67,1,80,2482,0
112,6157,15,0.25,0,10,122,1
7773,1017,114,12.61,1,90,338,0
3794,1870,286,6.79,0,264,3467,0
177,6491,28,0.96,0,23,85,1
6343,606,855,7.02,1,180,1149,0
70,2621,24,0.13,0,25,146,1
28,788,28,0.58,0,22,7,1
5619,1373,669,5.51,1,237,653,0
5638,1746,377,8.89,0,179,3050,0
968,1358,279,11.86,1,235,1687,0
121,523,14,1.45,0,19,84,1
76,7024,17,1.88,1,32,42,1
112,1844,0,0.76,0,36,156,1
166,5608,25,1.46,1,12,116,1
32,5126,28,0.66,0,1,167,1
47,3696,4,0.87,0,26,58,1
351,1151,152,5.7,1,88,1762,0
80,1965,26,0.59,0,38,30,1
8709,724,207,14.2,1,187,2761,0
137,3683,8,0.72,0,19,167,1
7701,1223,1253,2.63,1,213,1534,0
59,1075,941,14.22,1,75,1717,0
176,3347,4,1.85,1,21,106,1
6337,986,1023,4.42,1,45,3488,0
5184,1906,1296,5.85,1,143,298,0
78,5887,10,1.85,0,39,55,1
4068,582,292,13.94,1,260,300,0
8103,792,430,6.27,1,198,2661,0
84,5223,23,1.76,0,17,51,1
656,160,351,12.16,1,199,744,0
6942,371,1418,9.38,1,200,1782,0
5343,1311,169,4.48,1,185,1933,0
105,7360,28,0.67,0,12,85,1
4798,1884,789,11.99,1,166,455,0
30,2275,9,1.41,0,21,55,1
1683,1506,1244,6.44,1,281,1309,0
9735,439,1164,7.5,1,191,507,0
5106,695,1177,12.41,1,235,2244,0
159,4349,13,0.53,0,4,178,1
119,4890,26,1.82,0,8,152,1
137,1468,18,0.54,0,0,154,1
69,4523,12,1.46,1,22,98,1
145,2064,18,1.92,0,10,20,1
7148,1270,630,5.05,0,192,1728,0
130,4353,23,0.05,0,11,173,1
187,1304,20,1.77,0,33,141,1
1510,1216,236,8.32,1,189,1108,0
166,3625,28,1.91,1,13,98,1
198,6321,28,0.98,0,38,147,1
3722,1363,431,7.66,1,191,3562,0
199,738,24,0.94,0,37,158,1
5290,830,1346,13.14,1,119,3413,0
142,6618,5,0.82,0,0,66,1
8965,1112,646,14.38,1,20,3395,0
70,576,14,1.61,0,11,65,1
49,5397,8,1.21,1,19,106,1
4193,1982,1215,4.13,1,243,3322,0
112,3964,22,0.25,0,19,128,1
133,3153,24,0.56,0,38,50,1
8222,38,214,1.32,1,97,3213,0
7046,945,415,6.2,1,275,3181,0
190,1745,8,1.38,1,20,105,1
118,7194,23,1.32,0,7,40,1
11,4188,3,1.59,0,39,48,1
58,6482,5,0.33,0,28,29,1
2155,430,543,5.68,1,190,1780,0
4037,1972,1137,13.02,1,292,1577,0
41,3304,27,0.83,0,16,122,1
4111,1097,1263,1.34,1,19,2389,0
9720,1677,745,9.08,1,37,3049,0
3963,1376,406,7.98,1,19,2659,0
177,5333,6,0.38,0,29,169,1
2640,779,37,5.04,1,263,1848,0
4594,1014,592,3.84,1,78,2562,0
9,5324,7,0.02,0,38,56,1
74,6787,9,1.41,0,12,43,1
7316,392,1353,2.54,1,83,284,0
3631,705,696,5.93,1,82,2688,0
6991,1947,936,8.96,1,154,640,0
4120,1546,777,10.71,0,92,617,0
5473,1876,351,8.92,1,294,2674,0
1,6908,13,1.68,1,15,171,1
80,2496,3,0.24,0,33,36,1
4293,180,1148,7.04,1,181,2919,0
2608,1471,980,12.02,1,54,1279,0
188,4905,0,0.45,0,16,72,1
211,1052,1483,4.19,1,167,1458,0
7072,1276,123,12.88,1,125,2112,0
5841,1342,978,9.28,1,285,359,0
4413,1615,909,6.63,1,280,254,0
175,4183,12,1.81,0,22,175,1
28,3764,21,1.78,0,13,52,1
8223,726,491,13.64,1,166,2842,0
630,1383,528,2.92,1,108,3341,0
136,5914,6,0.03,0,8,27,1
4277,940,494,10.16,1,70,982,0
4439,1544,1353,0.9,1,229,1310,0
4236,615,131,1.56,1,91,1180,0
59,5561,0,1.37,1,12,53,1
179,4121,20,1.12,0,30,174,1
153,7220,0,0.48,0,35,82,1
9999,1574,1046,3.53,1,65,2162,0
6328,266,796,6.22,1,28,2607,0
66,1267,11,1.97,0,14,9,1
880,1493,199,0.56,1,257,2463,0
152,6450,21,1.46,0,2,74,1
3026,1551,434,5.44,1,81,1750,0
112,4308,0,0.04,0,27,38,1
196,3685,12,1.69,1,23,124,1
61,2630,6,0.42,0,10,175,1
6036,1792,345,10.75,1,114,2830,0
5081,826,871,10.68,1,150,410,0
59,1778,1187,6.8,1,113,2126,0
155,5295,21,0.75,0,25,51,1
7106,111,383,10.35,1,34,1982,0
7991,303,1293,3.33,1,133,2870,0
51,5163,8,0.72,1,8,26,1
6591,1800,955,4.71,1,293,2763,0
285,449,456,7.15,1,51,1481,0
99,5311,14,0.18,0,6,50,1
6960,834,653,9.26,1,138,2214,0
8308,237,1346,6.63,1,43,460,0
85,6047,20,1.27,0,6,20,1
3395,803,591,5.92,1,81,2885,0
137,986,17,1.71,0,12,149,1
6009,1257,597,2.84,0,240,1596,0
3470,1866,415,4.84,1,273,1629,0
158,2375,17,0.08,1,28,126,1
875,1279,1317,10.32,1,291,3067,0
110,2864,16,2.0,0,5,168,1
8964,158,510,6.15,1,285,1836,0
1374,477,994,3.36,1,158,2542,0
3380,1280,1386,13.83,1,138,1667,0
156,3899,3,1.99,0,34,2,1
158,555,14,1.87,0,2,6,1
4909,969,352,0.61,0,30,1353,0
198,2893,7,0.54,0,18,1,1
1949,1965,1312,2.17,1,229,2030,0
16,1598,7,1.41,0,16,142,1
6506,1810,1099,8.22,1,104,2442,0
112,3029,19,1.46,0,35,12,1
4830,347,911,12.15,1,223,2838,0
713,722,1093,12.43,1,265,1048,0
1980,183,1313,2.82,1,84,1784,0
6025,1092,1346,4.17,1,202,1580,0
101,1804,1,0.78,0,3,108,1
96,4894,21,0.98,0,17,97,1
1621,825,458,5.55,1,44,3069,0
154,1799,3,0.81,0,18,101,1
18,6373,18,0.78,1,16,84,1
7,5144,16,1.05,0,9,17,1
6240,335,292,1.88,1,58,2408,0
7471,718,74,7.14,1,287,1193,0
146,3877,19,0.12,0,13,38,1
1893,1856,1386,6.15,1,241,819,0
182,7054,10,1.18,0,13,14,1
82,3864,26,1.61,0,39,115,1
6869,976,1262,4.14,1,163,781,0
162,4609,25,1.79,1,34,149,1
180,7366,25,1.17,1,16,42,1
8039,738,1036,11.28,1,143,2222,0
7389,1326,1213,13.93,1,215,2887,0
115,5445,27,0.34,0,15,96,1
7966,1309,984,9.36,1,143,2636,0
3798,848,540,12.08,1,200,3244,0
129,1466,21,1.36,0,29,66,1
134,5893,20,0.39,0,3,46,1
198,1039,16,1.58,0,6,166,1
35,502,10,0.52,0,11,107,1
9626,1249,1393,7.42,1,88,2283,0
1234,1580,687,0.71,1,88,2381,0
9605,1726,837,13.44,1,89,1168,0
125,6082,21,0.22,0,8,137,1
54,4188,8,0.09,0,5,122,1
2191,1570,751,1.2,1,256,3059,0
6027,1277,48,14.73,1,82,2682,0
9318,1279,52,7.99,1,118,2462,0
5,5314,1,1.43,0,7,69,1
131,6535,1,0.19,0,23,90,1
6987,31,650,4.99,1,292,3634,0
91,3765,19,0.99,1,12,110,1
83,3894,18,1.24,0,4,17,1
150,1456,25,1.06,0,1,161,1
6615,507,1243,6.92,1,264,883,0
3055,843,406,12.55,1,284,1250,0
4976,1467,293,5.86,1,213,2488,0
171,6084,3,1.04,1,25,170,1
141,4288,14,1.98,0,38,106,1
7376,330,278,13.75,1,223,2723,0
818,1228,623,14.96,1,255,192,0
445,1315,408,7.37,1,233,2631,0
196,7168,11,0.31,0,19,98,1
152,4533,18,1.56,0,27,89,1
15,3470,7,0.42,0,34,64,1
163,3727,28,1.7,0,0,102,1
7091,804,926,9.23,1,177,2148,0
37,5358,0,0.01,0,10,60,1
3813,178,924,8.94,1,173,1682,0
1110,649,271,10.54,1,59,1102,0
6216,162,1405,11.35,1,46,1013,0
1241,1771,360,12.2,1,126,294,0
83,3147,15,1.34,0,19,114,1
4225,503,222,5.16,0,186,1312,0
140,5094,23,0.95,0,14,154,1
9141,1445,982,6.07,1,225,1503,0
7440,1626,347,6.54,1,228,2491,0
4318,1023,506,3.26,1,23,1847,0
45,7402,24,1.59,1,11,103,1
4541,586,147,9.52,1,124,2722,0
2856,1469,842,7.76,1,157,3297,0
45,1484,0,1.61,0,13,48,1
6507,1742,998,9.0,1,68,760,0
5299,435,1488,6.44,0,232,2052,0
136,2702,25,0.08,1,20,7,1
53,2043,26,1.63,1,32,6,1
82,4265,27,0.1,0,12,25,1
2255,1212,1229,7.41,1,79,2062,0
185,4957,4,0.33,0,19,12,1
6421,1367,30,4.33,1,121,3070,0
8974,564,226,2.64,1,123,1687,0
102,3675,5,0.66,1,6,156,1
8042,506,492,4.57,1,109,626,0
92,5180,26,1.97,0,21,132,1
53,1877,13,1.49,0,15,130,1
3278,1448,1135,7.83,1,85,530,0
7330,216,1141,6.74,1,139,993,0
9758,1004,811,11.71,1,118,3640,0
102,3447,28,0.21,0,35,88,1
182,5755,29,0.68,0,22,94,1
7085,70,1072,11.39,1,79,493,0
978,1070,671,7.73,1,163,1795,0
189,4103,1,1.59,0,23,28,1
36,7201,0,0.42,0,26,52,1
150,3633,0,0.15,0,12,90,1
79,6714,11,1.42,1,34,146,1
7637,1304,209,2.32,1,228,855,0
3059,1503,139,6.4,1,31,2291,0
1326,1719,197,12.58,1,288,1065,0
4268,1792,930,2.54,1,22,2761,0
3825,1338,524,1.98,1,72,1276,0
9017,199,1163,7.65,1,207,782,0
61,6129,19,1.52,0,28,168,1
6759,950,143,11.65,1,47,361,0
31,3386,3,0.65,0,27,23,1
6994,807,246,2.66,1,255,2360,0
8,3916,10,1.29,0,14,36,1
66,2826,0,0.34,0,1,90,1
9517,1172,1187,2.53,1,112,2616,0
21,2087,0,1.43,0,21,84,1
79,5904,27,0.86,0,23,175,1
194,3003,12,1.07,0,16,87,1
7718,1013,724,5.02,1,106,906,0
33,6889,19,1.63,0,17,179,1
152,4420,24,1.4,0,16,17,1
47,3456,15,1.65,0,13,161,1
146,2436,27,1.83,0,2,99,1
9143,891,541,4.25,1,77,837,0
3556,782,519,10.69,1,51,635,0
124,6332,24,0.66,1,39,60,1
24,7442,29,1.8,0,2,149,1
721,617,1335,3.91,1,53,988,0
2552,121,572,14.87,0,99,2804,0
150,5187,17,1.94,0,29,40,1
5695,716,97,7.47,0,209,2295,0
164,7396,0,1.49,0,2,123,1
107,4728,23,1.91,0,27,55,1
36,4416,9,0.48,1,1,28,1
2477,1142,633,9.85,1,190,728,0
3227,755,1179,7.88,1,206,3625,0
2206,451,930,10.27,1,41,1695,0
1170,57,553,4.99,1,57,3275,0
74,6184,17,0.37,0,26,158,1
7,1836,4,0.49,0,14,161,1
4483,518,1045,2.31,1,166,228,0
7910,729,338,4.27,1,24,2016,0
5423,1282,1049,8.27,1,225,535,0
7208,41,1205,9.58,1,161,2668,0
1346,1913,1432,6.76,1,98,2608,0
5615,459,1152,4.91,1,144,2384,0
4299,247,464,11.54,1,221,1420,0
5540,1855,671,8.61,1,260,3142,0
84,3013,21,1.71,1,21,121,1
1198,418,552,7.79,1,292,3187,0
3122,998,1209,8.57,1,175,859,0
81,1686,22,1.13,0,28,65,1
6669,66,1031,14.67,1,117,1536,0
6377,613,1336,7.19,1,134,1235,0
22,6402,22,0.33,0,29,30,1
2240,555,1487,12.46,1,85,3461,0
7942,834,313,7.49,1,144,2394,0
126,2501,2,1.94,0,1,57,1
3011,1624,64,2.39,1,68,2596,0
8276,944,111,3.94,1,55,1969,0
8054,987,1407,14.48,0,79,1014,0
159,4866,27,0.48,0,18,137,1
7076,1183,121,11.5,1,107,2157,0
7856,340,940,1.46,0,281,208,0
26,7196,14,1.22,0,34,49,1
6580,1917,656,4.09,1,280,1315,0
52,5041,15,0.62,0,20,108,1
181,5786,1,1.86,0,4,163,1
85,1860,5,0.78,0,3,79,1
88,6999,12,0.75,0,33,88,1
3227,334,995,0.78,1,137,1352,0
120,1605,10,0.47,0,29,87,1
5238,1827,255,9.84,1,121,3450,0
56,3346,6,0.14,0,17,169,1
49,6793,26,1.01,0,0,139,1
9136,307,311,2.84,1,214,3439,0
143,4067,22,0.11,0,38,13,1
32,4314,18,1.6,0,2,169,1
89,3417,19,0.24,0,22,39,1
2724,1831,1031,3.31,1,160,1875,0
8358,40,409,1.98,1,79,1969,0
83,5773,16,0.43,1,22,28,1
6715,1943,502,1.26,1,207,427,0
3560,1201,450,7.08,1,139,350,0
33,6154,4,0.69,1,30,158,1
3536,314,1077,10.11,1,127,2519,0
0,6696,21,0.18,1,9,162,1
6638,496,695,4.26,1,221,2072,0
6948,873,654,12.95,1,165,2291,0
188,1282,3,1.98,0,26,38,1
4908,1993,168,3.13,1,276,1053,0
30,4433,10,0.6,0,22,172,1
9964,197,150,8.24,1,218,1722,0
87,3465,19,1.5,0,2,9,1
5440,1231,823,2.13,1,258,1413,0
198,4024,4,1.13,0,16,38,1
33,5225,19,1.66,0,7,93,1
27,6611,6,1.23,0,20,113,1
7256,1834,1322,8.08,1,94,2248,0
161,2245,23,1.62,0,31,126,1
126,3675,16,0.23,0,0,162,1
462,67,785,8.06,1,64,2781,0
5749,1341,524,14.19,1,44,3490,0
54,1718,476,8.04,1,299,2903,0
6021,101,410,4.47,1,259,2431,0
3847,1772,555,8.03,1,39,377,0
6955,1944,182,12.42,1,286,3309,0
9769,1847,639,9.04,1,10,2600,0
6578,787,997,1.54,1,206,534,0
5192,1351,837,14.08,0,37,1606,0
2305,368,363,13.26,1,84,2623,0
650,1790,1105,11.92,1,155,921,0
2889,1198,709,3.63,1,74,3522,0
1581,1377,212,2.86,0,35,2220,0
1112,1893,1103,4.53,1,170,670,0
153,4971,12,1.7,0,32,41,1
63,641,3,0.27,1,17,104,1
778,1954,954,0.75,0,194,3100,0
7240,1885,1187,4.6,1,132,279,0
9712,1419,492,0.56,1,194,2382,0
1268,1139,373,4.64,0,239,658,0
175,3958,11,0.65,1,21,112,1
115,6374,18,0.02,1,16,1,1
79,7163,8,1.87,0,13,127,1
1698,403,296,1.07,1,30,1294,0
3393,1296,1096,9.67,1,33,328,0
27,6466,0,0.82,0,39,141,1
38,1283,15,1.08,0,5,26,1
6931,1206,1109,1.64,1,247,2797,0
5138,965,253,14.38,1,265,2680,0
2948,1290,517,8.31,1,224,405,0
9233,428,651,4.62,0,27,3235,0
11,4892,6,1.9,0,8,109,1
9485,1941,414,11.84,1,167,808,0
193,1909,5,0.94,0,11,92,1
1217,220,1256,9.72,1,217,1161,0
7400,1354,1433,7.7,1,251,609,0
6827,918,931,10.72,1,154,351,0
114,2029,17,1.55,0,36,82,1
7855,1713,829,14.48,0,137,704,0
151,5449,26,0.06,1,2,136,1
5026,1710,525,0.52,1,20,2487,0
191,4521,28,0.41,0,16,31,1
6781,1490,379,14.39,1,224,3458,0
7854,781,1137,6.7,1,269,2986,0
105,5647,24,0.96,0,5,83,1
89,752,22,1.36,1,31,157,1
1,2289,8,1.84,0,32,10,1
92,3701,9,1.25,0,39,5,1
5905,652,814,9.74,1,215,1947,0
85,3536,8,1.82,0,1,123,1
32,1212,20,1.03,0,3,25,1
1903,1349,1472,9.22,1,277,2847,0
8046,964,350,13.45,0,104,2040,0
6222,1099,531,6.96,1,225,1278,0
103,5312,11,0.17,0,12,108,1
166,756,27,1.53,0,21,84,1
46,5695,3,0.04,0,25,167,1
6817,1590,607,0.72,1,136,2182,0
6065,1010,1281,5.94,1,228,2008,0
84,5666,9,1.88,0,5,6,1
4262,1112,492,2.17,1,271,3409,0
77,532,15,0.26,0,39,130,1
3904,405,52,4.01,1,115,409,0
125,3125,2,0.68,0,36,12,1
9600,1289,877,14.31,1,232,2935,0
4942,146,772,12.5,0,21,736,0
2643,1981,1328,2.41,1,27,1533,0
4410,1221,549,11.89,1,80,1415,0
1459,1223,1239,2.11,1,137,2324,0
1510,1065,904,9.19,1,165,2640,0
85,6631,12,1.06,1,18,83,1
3622,1238,236,10.49,1,28,1546,0
100,6368,9,1.46,0,12,91,1
5101,1292,1194,13.59,1,120,1099,0
6594,722,1221,5.88,1,115,499,0
2874,181,1414,0.7,1,235,2377,0
154,591,20,1.73,0,16,157,1
117,7021,17,0.83,0,31,157,1
9360,976,67,4.43,1,67,1741,0
4430,1594,201,0.71,1,149,2241,0
132,5469,17,1.8,0,33,149,1
2981,1560,646,6.07,1,204,406,0
60,4469,25,0.81,0,11,112,1
4430,1237,1335,10.99,1,286,796,0
3,6819,0,1.28,0,13,18,1
161,3920,5,1.42,0,18,160,1
9881,915,1397,2.2,1,77,3020,0
5165,1046,122,11.51,1,223,3349,0
43,3932,28,0.26,0,12,50,1
91,5331,10,0.84,0,33,178,1
70,1120,19,0.57,0,38,155,1
8752,1276,497,12.88,1,103,2405,0
2662,359,152,11.72,1,136,858,0
4546,279,330,3.45,1,181,1011,0
1531,332,1106,0.62,1,161,1129,0
8442,1334,1367,6.62,1,155,1087,0
185,7081,6,0.89,0,25,101,1
85,5890,16,0.51,0,11,79,1
24,1879,9,1.46,0,16,28,1
8204,523,1189,12.44,1,162,1311,0
129,6273,25,1.12,0,35,13,1
5154,622,110,0.52,1,76,844,0
120,946,0,0.58,0,18,145,1
1878,122,252,0.62,1,228,2873,0
7737,1478,59,11.15,1,29,2970,0
2753,977,705,14.9,1,58,1093,0
15,4797,22,1.35,0,37,119,1
52,3588,15,0.56,0,33,78,1
7723,1126,850,14.19,1,39,776,0
586,1038,165,5.39,1,30,1288,0
6913,963,1326,3.34,1,59,1139,0
114,4935,23,1.36,0,29,56,1
106,1169,27,0.8,0,28,13,1
199,4172,16,1.83,0,23,99,1
190,3256,29,0.04,1,20,43,1
5795,1177,768,11.72,1,45,1424,0
6754,1389,1476,1.6,1,210,3506,0
5018,1376,673,7.14,1,296,1781,0
186,4068,18,1.63,0,36,2,1
189,4876,4,0.59,0,20,71,1
47,6861,5,1.33,0,31,104,1
167,1301,2,1.37,0,17,112,1
14,1116,1,0.65,0,7,23,1
26,1416,21,0.47,0,2,15,1
9381,1015,499,0.63,1,231,650,0
972,1198,999,10.43,1,256,1496,0
1714,801,1413,6.79,0,193,1127,0
148,2027,10,1.68,1,11,11,1
114,3644,18,1.88,0,8,73,1
749,1224,1134,3.56,1,198,2777,0
1852,131,526,12.59,1,282,3066,0
198,5971,6,1.38,0,10,17,1
3424,407,1352,14.78,1,23,1053,0
163,4153,16,1.69,0,14,40,1
92,6039,26,0.8,0,23,60,1
58,6700,0,0.04,0,9,63,1
5500,1738,530,1.13,1,285,1732,0
120,1167,9,0.42,0,33,27,1
45,604,8,0.05,0,39,179,1
4870,1696,17,8.97,1,290,960,0
9234,363,1301,4.74,1,125,794,0
6941,544,314,4.67,1,294,2954,0
1860,1379,1468,8.76,1,51,2388,0
6988,1577,1321,8.43,1,50,1502,0
90,2273,16,0.26,0,27,117,1
81,3786,25,1.74,0,18,53,1
156,1332,21,0.03,0,16,78,1
17,2675,23,1.87,0,8,94,1
40,4367,22,1.76,0,12,38,1
3404,756,747,14.36,1,12,342,0
54,1937,17,1.19,0,13,147,1
2763,456,1434,12.62,1,242,2966,0
873,221,607,11.69,1,163,1932,0
1115,896,576,7.09,0,72,2358,0
27,4542,28,0.7,0,39,14,1
76,593,28,0.39,1,12,111,1
158,4991,15,1.53,0,35,96,1
8627,1065,210,3.49,1,89,790,0
163,3211,25,0.75,0,26,131,1
1581,1955,1215,5.32,1,263,1557,0
8034,637,1059,4.09,1,87,1855,0
19,2899,25,0.46,0,31,29,1
91,5364,16,1.28,0,36,51,1
8006,1725,1382,8.42,1,251,210,0
9492,239,445,11.07,1,140,2584,0
155,6147,13,0.23,0,27,173,1
138,5422,18,1.86,0,36,179,1
107,5338,16,0.7,0,18,123,1
4196,1877,199,5.64,0,240,462,0
1172,1741,1449,11.71,1,217,3150,0
140,880,0,1.32,0,39,72,1
9196,364,1117,7.91,1,132,861,0
195,7180,1,1.69,0,8,74,1
6664,1292,973,9.79,1,106,775,0
38,7097,24,1.36,0,6,158,1
2099,1622,1292,5.54,1,143,1273,0
2589,1980,779,7.76,1,83,2988,0
56,646,18,1.17,0,38,73,1
145,5828,15,1.41,0,21,56,1
2561,325,563,13.55,1,24,2920,0
122,2043,4,0.65,0,9,152,1
135,2963,2,0.56,0,13,86,1
3893,844,951,9.21,1,74,2620,0
3769,488,1144,8.68,1,99,1800,0
156,1681,17,1.35,0,32,52,1
158,1780,7,1.08,1,10,112,1
38,5810,23,0.35,1,3,16,1
3819,1412,137,2.28,1,134,305,0
2964,727,417,11.82,1,41,744,0
188,7343,27,1.86,0,22,122,1
14,633,19,1.84,0,4,93,1
139,5310,20,1.1,0,1,150,1
174,1809,6,0.36,0,36,7,1
19,2087,5,0.06,1,32,123,1
68,933,2,1.11,0,10,160,1
21,6663,10,1.25,1,13,83,1
4538,1199,359,6.07,1,43,682,0
181,3486,22,1.73,0,2,45,1
171,777,10,0.72,1,26,177,1
4996,1624,782,1.6,1,237,2100,0
7236,1342,445,11.34,1,189,984,0
8734,1559,373,2.07,1,86,995,0
5465,961,1469,14.02,1,83,904,0
1695,1969,1347,3.9,1,78,1743,0
926,614,354,7.7,1,22,3065,0
7162,148,298,7.75,1,230,1141,0
92,5219,15,0.22,1,23,140,1
2112,1333,1014,8.79,1,110,2905,0
122,1392,28,1.39,1,18,143,1
4064,1161,587,1.63,1,94,3254,0
516,862,1320,4.01,1,278,1482,0
4350,367,1080,5.37,1,19,2924,0
114,2691,29,1.64,0,7,94,1
2610,1471,688,12.43,1,265,2880,0
9383,902,444,7.03,1,74,977,0
1737,1173,519,11.21,1,196,3616,0
2554,483,1206,4.35,1,106,2764,0
1,2277,20,1.92,0,37,172,1
275,1530,518,3.41,1,184,2741,0
3737,1034,268,7.62,1,282,2878,0
114,4553,6,1.74,0,1,53,1
23,1685,9,1.03,0,1,54,1
22,3741,19,1.45,0,24,52,1
7951,989,603,12.34,1,158,241,0
75,3801,15,0.66,0,19,142,1
175,2610,25,0.21,0,30,62,1
169,3681,0,0.07,0,0,173,1
191,2349,25,0.97,0,34,118,1
160,5747,5,1.82,0,15,120,1
36,1629,9,0.22,0,38,41,1
98,4087,20,0.18,0,21,79,1
3913,522,408,1.78,1,103,951,0
9257,719,474,10.03,1,63,1701,0
6426,702,1293,12.1,1,66,237,0
5133,340,956,3.69,0,48,1004,0
181,3863,8,1.75,0,16,157,1
90,1369,19,0.48,0,21,57,1
3746,773,682,13.41,1,69,1344,0
3,4149,3,1.81,0,17,6,1
8630,378,171,10.83,1,163,2853,0
8056,743,416,4.76,1,126,247,0
18,5059,22,0.55,0,18,141,1
88,1473,7,1.52,0,13,137,1
2788,1410,1469,13.41,1,87,1628,0
36,3991,27,0.05,0,29,50,1
3993,729,977,6.08,1,94,1605,0
56,1662,8,0.6,1,15,47,1
7941,1324,1043,13.07,1,58,1959,0
9910,1580,545,2.7,1,27,541,0
2009,1282,1008,8.35,1,219,438,0
7435,639,11,4.24,1,25,3036,0
3806,299,205,6.19,1,255,1923,0
16,1731,23,1.61,0,12,23,1
877,1337,466,2.9,1,43,3555,0
7604,1166,492,2.92,1,208,3575,0
6240,254,801,4.71,1,83,2188,0
8697,1018,670,11.48,1,274,3252,0
45,2632,23,0.66,0,39,25,1
4605,1104,790,9.1,1,156,598,0
7303,535,1216,4.82,1,107,3003,0
65,3087,10,1.32,0,27,24,1
5945,856,469,8.82,1,233,3609,0
11,2685,0,1.5,0,37,54,1
6667,1826,670,5.72,1,131,665,0
180,3389,4,0.91,0,17,45,1
49,3121,14,0.07,0,9,77,1
4050,1712,1103,7.85,1,87,685,0
4708,520,1010,9.19,1,85,2606,0
4720,969,477,1.43,1,179,2550,0
7052,1905,28,1.12,1,266,1066,0
2493,1001,1410,10.27,0,28,1744,0
2036,1669,753,12.49,1,16,2580,0
3136,582,884,3.39,1,203,1761,0
2783,45,82,9.4,1,65,3290,0
1590,1578,532,2.9,1,154,2621,0
173,4811,8,0.29,0,31,84,1
820,1739,509,12.8,1,18,899,0
128,829,10,1.12,0,1,101,1
167,1895,16,1.39,0,15,8,1
5851,1327,104,1.61,1,78,1305,0
9387,1981,1161,11.92,1,242,1001,0
9605,935,1059,8.87,1,270,2827,0
20,870,3,1.11,0,20,49,1
5969,295,1112,9.25,1,225,2930,0
5326,1417,436,12.14,1,157,1072,0
7149,176,314,9.65,1,25,1787,0
3423,950,402,0.78,1,138,1276,0
5914,1611,729,10.54,1,269,456,0
6727,121,270,13.01,1,257,1825,0
115,1446,4,1.04,1,22,178,1
147,6776,14,0.11,0,1,43,1
174,7282,0,0.89,0,14,166,1
65,4885,24,1.39,0,20,104,1
100,1447,18,1.42,0,14,23,1
6856,1354,1233,14.63,1,178,246,0
134,1654,0,1.22,1,38,58,1
4787,1363,670,2.74,1,112,2489,0
9196,1864,525,11.99,1,286,3425,0
171,771,17,0.13,0,38,68,1
2020,347,49,2.03,1,183,2833,0
187,5325,26,0.25,0,23,26,1
158,3068,22,1.58,1,31,18,1
7242,1398,1001,11.83,1,200,225,0
8766,1092,247,1.56,1,210,1314,0
23,2189,8,1.56,0,1,30,1
83,7311,15,1.44,0,26,139,1
2040,1359,1224,8.63,1,66,2447,0
45,6975,25,1.53,0,19,83,1
114,4222,10,1.83,0,19,78,1
183,947,1378,0.63,1,101,2822,0
58,6260,16,0.29,0,11,9,1
9924,245,1242,14.91,1,293,2691,0
42,1925,23,1.29,0,38,145,1
9966,337,416,7.26,1,96,1223,0
106,4029,12,0.27,0,23,163,1
240,212,21,14.97,1,250,1167,0
5931,1073,251,5.86,1,123,1651,0
106,5583,21,1.54,0,38,91,1
162,3052,13,0.26,0,9,159,1
3220,834,1349,4.54,1,56,3438,0
6534,1100,1456,7.76,1,216,379,0
1065,777,1045,3.47,1,263,1591,0
4827,1195,681,10.4,1,293,1391,0
9922,389,192,12.0,1,126,3229,0
3769,1063,256,14.15,1,205,2781,0
8214,84,1465,9.86,1,166,1623,0
119,5163,25,0.87,1,21,107,1
8170,489,712,11.53,1,275,2293,0
2026,1743,648,4.51,1,22,434,0
20,1013,12,0.01,1,19,43,1
5815,1881,938,6.44,0,255,1144,0
66,2901,28,0.23,0,18,55,1
23,3153,1,1.67,0,35,178,1
6463,1299,788,1.49,1,191,3303,0
8108,1061,151,1.47,1,51,1740,0
7729,1543,458,7.9,1,160,2970,0
1000,95,658,4.12,1,60,3350,0
5586,981,563,2.12,1,11,591,0
166,5233,24,1.25,1,29,83,1
73,5822,25,1.48,1,0,39,1
5272,461,296,2.57,1,96,681,0
4671,1023,1253,5.34,1,267,2925,0
103,4798,7,0.1,0,2,28,1
9046,1331,503,9.31,1,199,2690,0
913,1070,968,5.64,0,296,2783,0
144,5164,15,1.85,1,32,124,1
2522,838,862,14.54,1,99,731,0
4545,301,1425,5.16,1,260,3124,0
144,4823,2,1.13,0,3,42,1
3686,822,880,1.04,1,231,2236,0
1956,1469,259,9.67,1,148,1127,0
15,5140,25,0.7,1,21,112,1
709,1070,297,2.18,0,226,672,0
154,6528,3,1.64,0,28,44,1
6718,760,900,1.46,1,163,836,0
90,2274,22,1.87,0,22,103,1
66,3747,15,1.02,0,3,102,1
100,4924,24,1.28,0,27,64,1
38,7064,22,0.46,0,16,169,1
143,6041,27,0.92,0,27,64,1
131,4041,16,1.62,0,28,25,1
170,3973,22,0.22,1,18,101,1
1302,928,220,11.44,1,23,1925,0
122,3729,3,1.52,0,1,52,1
2269,433,223,9.39,1,229,3069,0
5392,1786,186,14.23,1,14,3192,0
1735,472,370,9.18,1,127,1491,0
187,2811,3,1.75,0,37,23,1
138,5684,17,1.3,0,21,69,1
1743,717,1194,6.41,1,218,2452,0
6999,1412,1261,9.81,0,181,2327,0
99,1990,12,1.14,0,7,15,1
5650,401,370,12.78,0,262,2030,0
6140,830,509,2.86,1,245,1740,0
7625,1699,117,14.29,1,143,1762,0
2762,31,395,6.94,1,78,508,0
7539,338,975,2.75,1,190,312,0
8805,1027,454,10.34,1,253,3608,0
195,3378,26,1.14,0,6,118,1
619,1450,1100,10.05,1,23,816,0
9188,456,1308,1.5,1,167,2559,0
3862,1007,1211,4.81,1,85,2099,0
469,920,975,2.1,1,248,1376,0
129,5432,24,0.32,0,25,9,1
8887,1865,862,3.44,1,136,2900,0
9494,215,316,8.06,1,92,258,0
3469,1658,1254,11.08,1,152,2309,0
8388,71,362,14.77,1,39,3308,0
145,5390,27,1.67,0,25,14,1
86,1939,16,1.5,0,11,44,1
8951,1049,868,4.49,1,104,1134,0
5638,1231,560,12.41,1,49,3253,0
2166,1414,710,12.65,1,174,949,0
1811,43,434,1.6,0,259,881,0
589,1535,1219,3.99,1,35,1391,0
8132,1200,1424,14.39,1,112,715,0
103,4928,2,0.42,1,20,102,1
161,6485,19,0.95,0,15,37,1
7626,760,265,8.69,0,226,618,0
9008,1297,779,7.54,0,131,1570,0
186,4154,20,1.4,0,19,157,1
4339,691,1099,6.42,1,152,1950,0
609,1628,133,10.46,1,74,387,0
5942,1262,333,10.68,1,177,1823,0
3581,1174,734,0.53,1,203,3060,0
119,2439,10,0.41,1,2,109,1
9524,1629,1082,6.73,1,118,2763,0
3197,854,991,14.51,1,31,3425,0
18,3189,25,0.16,0,9,167,1
4024,1448,241,14.47,1,53,3215,0
139,1612,0,0.13,0,7,122,1
4834,1827,1024,14.14,0,109,3588,0
152,5141,16,0.65,0,26,31,1
195,7077,8,1.34,0,15,84,1
107,6332,22,0.92,0,21,140,1
5928,32,712,9.31,1,83,1597,0
1592,385,790,1.61,1,110,2932,0
748,1280,640,5.52,1,288,846,0
1743,968,1132,4.5,1,295,3232,0
5351,1508,897,9.11,1,54,3253,0
122,542,20,1.83,0,21,126,1
145,2321,8,1.61,0,17,174,1
122,2415,0,0.91,0,25,100,1
132,7151,3,1.36,0,11,25,1
1904,540,905,6.53,1,180,2733,0
6279,1371,681,14.72,1,51,1071,0
128,2145,0,1.22,1,34,164,1
144,1658,1415,7.8,0,216,1395,0
5,7349,25,1.67,0,14,150,1
4208,50,1470,12.9,1,196,449,0
3207,639,896,2.56,1,281,1472,0
173,4242,20,1.22,0,37,134,1
66,6132,10,0.29,1,35,118,1
6016,336,851,13.3,1,257,2496,0
1729,966,607,14.29,1,135,2110,0
4885,767,1294,13.81,1,221,1446,0
6,2202,9,0.87,0,2,94,1
5176,135,912,11.12,1,27,3037,0
25,5445,24,0.95,0,23,58,1
3634,745,470,2.22,1,272,2919,0
7733,431,770,13.31,1,33,1295,0
6991,666,513,5.88,1,19,1077,0
164,605,13,1.28,0,29,9,1
67,872,2,0.64,0,12,56,1
5513,661,1024,6.26,1,37,2444,0
8483,973,1109,5.1,1,108,1935,0
39,3469,25,0.76,0,10,78,1
163,1575,19,0.62,0,38,32,1
6069,617,961,9.11,1,97,2166,0
7197,1160,1259,10.92,1,64,1640,0
76,4909,18,0.64,0,3,66,1
8088,1591,1360,10.02,1,294,876,0
96,2225,10,0.9,0,16,90,1
1,3564,10,1.76,0,26,30,1
16,2694,10,0.8,0,39,86,1
2048,1345,1200,12.93,1,18,1371,0
4311,550,749,9.22,1,13,1255,0
9201,1019,758,6.87,1,279,2908,0
2,5066,2,0.22,0,36,72,1
101,3011,29,0.77,0,0,71,1
106,996,12,0.69,0,7,106,1
121,2760,7,1.0,0,31,117,1
87,5690,4,0.03,0,13,40,1
9995,271,1019,13.05,1,229,947,0
2789,1753,393,9.25,1,113,2253,0
5675,58,1469,4.78,1,194,2350,0
5,3675,11,0.41,0,23,127,1
9397,885,799,14.3,1,192,1242,0
6001,324,388,3.4,1,152,1597,0
6409,1356,1293,5.24,1,251,2882,0
126,1715,5,0.0,0,4,62,1
2,5673,28,0.89,0,10,145,1
51,6582,13,1.92,0,29,50,1
115,2761,6,1.63,0,39,153,1
34,6194,8,1.06,0,18,167,1
1728,56,1205,13.17,1,177,688,0
5782,1663,1455,4.67,0,25,3344,0
3101,322,672,8.51,1,79,3327,0
11,1724,8,0.82,0,23,139,1
204,768,1499,5.56,1,131,2599,0
189,6283,26,1.97,0,25,8,1
61,3888,18,1.3,0,25,13,1
73,6958,16,0.52,0,13,131,1
8955,1317,699,1.97,1,173,2193,0
46,3434,8,0.23,0,29,159,1
176,194,485,1.71,1,19,3033,0
33,3175,20,0.95,0,33,10,1
80,1658,11,1.93,0,16,114,1
82,5630,18,1.41,0,3,52,1
5306,1565,1130,1.68,1,65,634,0
144,3325,28,0.52,0,5,78,1
168,5641,14,1.79,0,16,178,1
7505,1479,1438,7.57,1,102,3121,0
71,2447,1,1.15,1,8,123,1
3444,526,1462,12.6,1,107,530,0
104,1155,2,0.81,0,1,113,1
5,2867,13,0.66,1,31,48,1
136,2110,22,1.34,0,7,46,1
3354,58,155,5.12,1,108,3030,0
6999,357,1019,4.85,1,184,3516,0
51,6830,3,1.49,0,34,89,1
6635,40,251,10.73,1,46,652,0
5763,1853,946,7.99,1,225,3098,0
3482,1347,1240,5.34,1,246,3309,0
5023,1975,921,11.96,1,118,1787,0
167,4188,9,1.49,0,18,23,1
185,2570,1,0.79,0,31,96,1
2044,1615,1010,4.1,1,112,3497,0
8752,1560,707,12.62,1,53,3325,0
2250,1708,642,13.11,1,223,1967,0
9554,1043,638,1.83,1,117,2909,0
2601,943,1145,10.67,1,49,3018,0
103,4636,5,1.89,0,1,89,1
4686,1340,1395,2.25,1,118,3344,0
7091,834,385,9.75,1,18,1988,0
70,7007,13,1.67,0,39,76,1
7291,1723,158,8.18,1,287,1091,0
8369,1569,1191,11.24,0,91,3398,0
45,4740,22,0.91,0,36,114,1
180,3016,6,0.21,0,38,15,1
87,6240,18,0.28,0,8,35,1
2731,324,901,6.78,1,129,2040,0
1109,675,568,13.59,1,146,867,0
186,7378,5,0.78,0,29,120,1
3686,385,1370,12.26,1,65,1419,0
2435,1488,837,8.35,1,92,702,0
1381,1793,441,4.35,1,277,1295,0
3694,618,695,9.56,1,291,1970,0
88,4308,13,1.05,0,12,173,1
8845,1550,1310,2.9,1,188,940,0
5287,1914,429,1.79,1,29,1067,0
1945,1214,957,12.77,1,98,2406,0
117,5721,1,0.36,1,13,36,1
9485,1579,1440,0.78,1,88,3440,0
146,6669,19,1.26,0,39,107,1
148,4799,24,1.49,0,14,33,1
2097,125,1414,8.95,1,242,2952,0
74,5284,19,1.22,0,30,2,1
4580,556,1142,10.08,1,128,1735,0
5159,1609,1251,4.0,1,101,1608,0
252,1520,1287,10.48,1,162,2701,0
2539,1543,681,12.83,1,25,3553,0
7469,704,1205,10.82,1,83,2234,0
4083,866,396,7.79,1,176,312,0
7840,605,952,3.83,0,126,1537,0
3816,378,1418,13.53,1,80,493,0
1902,734,779,9.7,1,282,486,0
135,5201,18,0.63,0,27,38,1
160,4572,5,0.58,0,3,15,1
176,4971,4,0.96,0,22,19,1
1783,116,499,9.54,1,91,346,0
5241,1444,810,10.7,1,15,708,0
193,6999,15,1.6,0,32,81,1
45,4286,18,1.03,0,10,125,1
5776,1248,1153,5.39,1,297,2452,0
5904,1011,1495,11.42,1,262,528,0
6315,1061,1180,1.9,1,103,523,0
5809,137,717,2.74,1,229,696,0
106,6438,12,0.96,1,2,102,1
4896,392,776,2.45,1,98,2153,0
8170,553,169,4.88,1,182,2411,0
5443,764,734,8.0,1,186,2083,0
5384,1084,178,1.4,1,136,2767,0
3220,1645,623,6.33,1,124,2149,0
1392,561,613,13.22,1,108,2297,0
196,752,18,0.97,0,19,15,1
107,3891,15,1.96,0,13,124,1
74,5116,13,0.13,0,7,27,1
926,1000,170,14.3,1,264,3334,0
6,7023,27,1.95,1,32,66,1
165,1315,16,0.22,0,6,69,1
85,6439,2,0.63,0,7,8,1
2243,1493,218,9.07,1,139,319,0
102,4683,24,1.86,0,14,80,1
3025,393,570,12.51,1,10,2114,0
7989,1113,282,4.91,1,116,861,0
97,798,21,0.54,0,11,175,1
2794,288,395,2.03,1,40,1812,0
554,513,672,9.79,1,256,3561,0
87,7274,17,1.56,0,16,165,1
7164,1060,28,5.89,1,127,1224,0
119,5406,10,1.0,0,32,115,1
8659,722,977,3.46,1,34,1141,0
8205,895,437,6.89,1,200,2344,0
127,1709,2,1.05,0,20,77,1
185,2167,9,0.46,0,8,77,1
148,4787,29,0.81,0,21,81,1
7679,500,1254,1.16,1,234,773,0
7899,1856,1357,1.0,1,225,3572,0
9839,1802,1310,6.62,1,108,3255,0
5211,36,971,5.51,0,71,3072,0
6932,252,605,10.24,1,186,795,0
29,3703,21,1.23,0,32,140,1
114,622,30,7.93,0,255,3562,0
85,3373,22,1.82,0,5,143,1
140,7479,25,1.14,0,0,26,1
81,3310,3,0.12,0,14,8,1
176,3622,25,0.86,0,23,2,1
55,2228,17,0.75,0,19,165,1
20,7422,14,0.31,0,26,145,1
4196,950,1045,9.89,1,269,389,0
118,722,4,0.22,0,6,113,1
102,4984,0,0.68,0,26,86,1
6564,311,629,10.6,1,170,255,0
9574,1088,733,6.47,1,52,3499,0
77,6882,14,1.31,0,9,133,1
69,6236,26,1.2,0,12,140,1
132,5865,16,1.37,0,15,21,1
3975,332,1410,3.5,1,55,1215,0
624,369,101,13.39,1,91,671,0
4937,1106,953,0.58,1,296,2945,0
9217,1131,503,12.91,1,60,2336,0
105,6115,13,0.34,0,22,120,1
5030,810,529,3.34,1,106,928,0
126,2545,15,0.2,0,13,82,1
7605,111,983,7.57,1,291,1241,0
6092,545,458,7.84,1,77,2706,0
3494,1024,320,10.98,1,280,2720,0
6291,484,1007,2.93,0,19,3564,0
5113,936,422,11.44,1,209,2611,0
4476,342,1086,0.68,1,206,388,0
2847,1925,641,4.64,1,93,629,0
1255,246,152,7.38,1,207,2342,0
8146,443,802,14.24,1,282,1645,0
5536,1138,1450,9.3,0,159,2655,0
55,3209,12,0.28,0,15,2,1
2781,1288,760,4.99,1,10,1169,0
3000,987,908,3.87,1,274,1908,0
9742,1405,290,9.9,1,72,1884,0
4598,1550,1163,2.52,1,135,2643,0
9611,968,45,9.24,1,109,1149,0
16,4644,21,0.89,0,33,125,1
150,5935,1,1.14,1,35,72,1
8767,900,1441,8.46,1,296,2353,0
179,4121,28,1.61,1,34,161,1
29,4977,10,0.82,0,19,168,1
135,1905,4,1.05,0,38,30,1
5536,845,359,5.8,1,135,2344,0
312,846,76,5.47,1,43,2770,0
2829,916,1438,4.6,1,149,355,0
162,5445,18,0.67,0,5,24,1
1112,1720,369,6.13,1,50,1139,0
132,5338,8,1.48,0,15,34,1
3677,1959,869,13.93,0,140,3576,0
100,2749,21,1.36,0,12,134,1
1001,1394,621,13.22,1,51,3637,0
183,3578,1,0.14,0,34,105,1
9742,1969,94,7.84,1,160,2940,0
139,3942,6,1.5,1,18,36,1
5308,765,408,5.51,1,258,1554,0
7020,898,1053,1.53,1,192,2070,0
1095,166,465,13.05,1,174,261,0
111,3102,6,0.81,0,12,46,1
9408,406,546,14.7,1,10,2166,0
48,4236,29,0.71,0,19,25,1
69,2294,12,1.48,1,7,168,1
1655,1577,1026,9.9,1,86,348,0
175,3255,25,1.55,0,15,94,1
8160,471,115,0.52,1,230,1399,0
7563,36,720,6.8,1,107,2757,0
7908,63,168,1.66,1,48,597,0
6337,1503,709,0.84,1,201,2311,0
3202,1601,1300,7.93,1,245,1365,0
8060,1447,128,9.65,1,22,2180,0
1066,425,674,4.51,1,97,1601,0
122,6470,5,1.99,0,31,172,1
148,1180,26,0.87,0,7,59,1
7442,693,428,5.44,1,188,1444,0
3292,1878,1409,11.0,0,18,2559,0
2882,985,791,11.21,1,206,2177,0
414,151,423,5.62,1,298,990,0
1807,1652,45,0.65,1,253,2742,0
8621,1553,507,1.03,1,121,3530,0
62,6539,15,1.11,0,38,85,1
109,7309,28,1.55,0,8,167,1
7380,790,845,10.76,1,139,1739,0
111,744,0,0.45,0,13,131,1
4275,621,939,8.52,1,93,2045,0
8044,1424,1235,13.79,1,126,867,0
6247,1780,1475,3.42,1,99,2622,0
8577,245,404,10.33,1,109,1869,0
189,1377,15,1.64,0,2,164,1
9161,1957,432,13.06,0,280,2088,0
54,7039,17,0.11,0,6,151,1
3611,555,798,14.9,1,268,357,0
112,7479,4,0.04,0,21,44,1
3522,424,980,13.85,1,276,3540,0
98,5311,8,0.68,1,27,25,1
3154,1412,973,6.46,1,250,2885,0
4502,1152,222,5.85,1,66,3080,0
8579,1787,1333,4.57,1,146,3455,0
101,3416,14,1.53,0,5,107,1
190,921,13,1.84,0,11,86,1
5518,1991,1211,9.44,1,175,1704,0
162,5874,2,1.16,0,15,178,1
154,4349,2,1.98,0,7,91,1
92,7345,24,0.27,0,28,42,1
716,1606,1459,14.57,1,53,1845,0
5829,1310,274,12.95,1,154,1418,0
4515,1858,992,7.91,1,155,1904,0
9258,359,67,8.59,1,224,1269,0
86,1288,15,0.5,0,36,68,1
4543,1069,1312,7.21,1,246,3226,0
15,4485,9,0.07,0,16,112,1
6988,867,1378,2.16,1,245,2222,0
61,4530,11,1.98,0,7,7,1
434,1310,141,5.32,1,247,3422,0
9938,1538,462,6.23,1,185,2553,0
118,7100,23,1.38,0,23,6,1
170,3556,20,1.94,0,1,147,1
6786,1935,724,13.18,1,84,2845,0
7784,481,860,1.86,1,196,1299,0
160,5155,29,0.04,0,35,132,1
41,3087,11,0.0,0,36,99,1
9137,189,317,4.78,1,201,2000,0
6999,763,551,8.4,0,43,291,0
5,5519,0,1.42,0,33,118,1
151,2077,25,0.76,0,3,163,1
7320,1529,996,4.58,1,229,902,0
155,3247,0,1.14,0,4,122,1
68,5043,25,1.28,0,12,56,1
75,2910,9,1.46,0,6,41,1
28,810,17,1.35,0,33,114,1
7258,883,900,5.41,1,186,583,0
135,4763,28,1.34,0,25,13,1
2050,963,1053,9.99,1,287,992,0
138,1903,23,0.84,0,15,162,1
6833,1304,200,0.76,1,129,2650,0
4827,1363,1107,7.82,1,129,2579,0
117,1576,12,1.37,1,30,71,1
22,4132,3,0.41,1,30,60,1
117,1655,13,0.64,1,8,72,1
5,2280,24,1.98,1,35,169,1
9254,593,1392,13.43,1,260,438,0
91,1441,0,1.32,0,31,38,1
190,3738,21,0.96,0,15,105,1
139,3092,20,0.27,0,38,7,1
2504,1811,382,10.85,1,44,765,0
2098,237,1090,1.29,1,93,3394,0
155,3011,23,1.26,0,20,155,1
6218,36,501,6.35,1,217,1532,0
5725,775,825,1.53,1,73,3451,0
3785,151,602,10.3,1,213,970,0
157,940,4,1.97,0,20,13,1
6744,201,570,8.53,1,89,2957,0
2743,850,735,4.78,1,78,3389,0
5282,1172,908,5.58,1,45,2598,0
3174,353,1163,12.43,1,237,2237,0
196,1044,3,0.89,0,28,68,1
32,3263,10,0.22,0,21,144,1
163,5012,8,0.33,1,38,43,1
32,7163,21,1.35,1,4,75,1
139,4781,10,1.48,0,12,19,1
113,7492,10,0.59,0,4,155,1
8372,1888,1102,4.87,1,157,3586,0
6353,1792,192,2.48,1,180,681,0
4769,1589,69,13.58,1,44,2329,0
2607,495,627,13.69,1,285,2441,0
1967,1260,570,6.79,1,160,2785,0
685,90,92,1.18,1,191,2184,0
8617,1170,1287,9.3,1,42,1866,0
9556,1321,277,13.85,1,13,3148,0
95,1060,5,1.96,0,22,167,1
23,5301,9,0.09,0,27,173,1
8052,1670,30,1.34,1,156,793,0
28,3701,12,0.57,0,1,165,1
112,7271,27,1.77,0,14,134,1
18,770,28,1.11,1,36,38,1
5838,1137,937,3.19,1,208,1727,0
7407,253,96,12.78,1,178,2233,0
2882,1770,1151,11.07,1,11,721,0
22,6412,20,1.25,0,18,111,1
5610,1776,1090,10.36,1,264,2068,0
7780,1043,840,5.85,1,28,1784,0
4779,586,972,7.31,1,218,2738,0
152,1588,1,0.29,0,38,99,1
9816,549,345,3.75,1,78,1644,0
199,3779,7,0.58,0,34,111,1
123,5177,0,1.65,0,2,103,1
144,6911,5,1.7,0,9,99,1
8443,227,902,13.12,1,117,2529,0
2541,1723,263,10.85,1,114,368,0
6988,113,596,1.5,1,277,3640,0
48,1882,21,0.11,0,11,103,1
6052,1801,1003,3.78,1,27,3294,0
2386,1216,823,7.97,1,107,1609,0
6543,1798,621,10.25,1,189,3224,0
187,1397,772,10.86,1,271,2461,0
8020,866,945,9.28,1,80,2296,0
2695,1502,584,5.63,1,89,1706,0
162,2403,25,1.07,0,6,43,1
96,4287,19,0.61,0,35,74,1
38,6242,12,1.62,0,12,38,1
103,5027,15,0.81,0,10,152,1
106,935,14,1.74,0,15,63,1
157,1661,7,1.58,0,35,146,1
43,542,22,0.94,0,33,149,1
117,3914,23,0.07,0,33,44,1
24,6964,8,0.89,0,1,29,1
2076,1385,400,13.76,1,198,285,0
6381,1920,1359,3.68,1,99,3410,0
33,4793,18,0.34,0,15,108,1
8202,1423,1474,6.57,1,195,735,0
155,5574,10,0.54,0,25,22,1
7316,1440,1134,12.26,1,171,2259,0
91,2361,11,1.61,0,3,173,1
1071,1950,971,14.28,1,94,2738,0
7624,1682,1117,9.72,1,24,2441,0
78,7191,13,1.62,0,39,144,1
2186,823,914,9.64,1,130,3250,0
135,3200,17,1.13,0,24,119,1
4682,140,953,3.1,1,284,1813,0
197,3653,28,0.93,0,37,47,1
5694,144,1468,11.86,1,12,3577,0
157,509,23,1.8,0,3,43,1
7021,843,390,6.34,1,206,517,0
8037,1193,1496,5.11,1,198,1185,0
4071,1346,282,6.72,1,72,1959,0
2110,545,753,4.01,1,21,1962,0
7611,1137,151,10.72,1,289,3527,0
25,1806,12,0.85,0,2,173,1
8356,1590,1043,0.64,1,288,2020,0
104,1292,26,0.97,0,13,10,1
77,2670,21,0.52,0,31,144,1
131,2390,15,1.83,0,29,167,1
4854,1003,1426,5.62,1,291,3174,0
1341,1565,590,10.48,1,83,3547,0
141,6074,19,0.63,0,26,48,1
8888,939,464,8.79,1,135,1349,0
4723,1611,673,9.06,1,149,2482,0
2745,1780,1150,9.45,0,67,1338,0
144,5970,18,1.79,0,26,106,1
180,3014,5,0.11,1,17,106,1
274,1696,1119,6.29,1,117,2778,0
141,2146,23,0.37,1,23,172,1
40,3970,7,0.71,1,37,62,1
3385,1198,182,10.98,1,225,1408,0
102,3717,28,1.53,0,35,79,1
44,2148,17,1.66,0,19,176,1
15,4848,4,0.1,1,31,128,1
9929,1093,854,9.87,1,106,1328,0
7393,788,831,14.35,1,141,3220,0
15,5189,28,1.12,0,6,65,1
239,1341,28,8.06,1,223,2868,0
25,1364,2,1.92,0,30,66,1
71,5021,23,1.36,0,7,87,1
137,6299,29,0.8,0,27,105,1
1298,322,857,4.87,1,10,1663,0
5282,1832,1002,5.88,1,150,3307,0
184,6141,0,1.29,0,25,94,1
40,6553,9,0.87,0,4,115,1
52,3758,5,1.68,0,31,120,1
88,1759,3,1.68,0,24,120,1
8212,607,236,12.66,1,209,1125,0
3017,66,476,0.75,1,96,3324,0
1252,410,229,10.0,1,99,308,0
6355,773,772,3.66,1,23,2614,0
3557,514,281,9.66,1,275,2953,0
9323,1275,1430,8.06,1,116,1231,0
810,1597,146,8.65,0,23,241,0
7459,1760,611,11.82,1,88,2438,0
8865,1070,390,14.51,1,15,1018,0
2230,530,1146,14.03,1,139,1106,0
93,5037,14,1.85,1,5,174,1
199,4238,19,0.61,0,27,113,1
183,3996,22,0.35,0,0,129,1
100,1389,25,0.62,0,26,35,1
147,1789,11,1.78,0,18,153,1
19,4258,11,0.81,0,15,98,1
9560,1573,568,4.1,1,235,2859,0
197,2696,26,1.13,0,37,139,1
8583,1691,1284,12.9,1,193,520,0
9812,33,300,14.35,1,135,2349,0
117,6409,12,0.37,0,11,171,1
7544,895,855,4.01,0,177,3466,0
16,3801,23,1.16,0,21,104,1
152,1579,20,1.44,0,15,135,1
6088,986,1101,0.63,1,99,1275,0
2047,1987,886,1.31,1,227,1014,0
5021,155,451,1.5,1,27,1880,0
171,6614,21,0.86,1,38,95,1
137,7266,28,1.57,0,1,78,1
115,6960,28,1.17,0,17,38,1
7038,932,41,11.35,1,153,857,0
150,1481,18,0.41,0,12,38,1
7036,1354,1024,14.49,1,291,546,0
7093,415,485,10.61,1,90,2876,0
9571,235,1347,10.79,1,178,3212,0
9810,358,603,6.23,1,117,1545,0
8402,76,989,13.22,1,205,1829,0
928,934,792,3.5,1,254,2421,0
166,605,14,0.4,0,13,26,1
4661,91,506,13.26,1,35,784,0
5227,1372,892,4.08,1,155,3277,0
1686,836,1259,2.57,1,255,1025,0
8716,305,10,13.49,1,191,1188,0
181,2225,6,1.58,0,33,46,1
62,6160,24,1.54,1,9,30,1
138,1965,24,0.97,0,39,121,1
1264,1295,245,10.17,1,28,2263,0
6923,1576,337,9.69,1,124,2721,0
136,1373,24,0.83,0,0,99,1
6519,341,1177,4.17,1,207,296,0
126,1083,10,0.2,0,24,24,1
36,1923,5,1.49,0,26,167,1
8100,658,415,7.64,1,187,2915,0
3606,211,1377,12.52,1,189,3119,0
140,7036,7,0.17,1,34,112,1
8465,1657,1047,3.2,1,93,720,0
55,5650,0,1.22,0,19,43,1
172,5587,5,0.49,1,25,28,1
7913,316,933,5.64,1,133,1007,0
189,7323,21,1.06,0,7,54,1
5499,1117,1029,10.57,1,149,758,0
4981,780,518,14.83,1,218,1551,0
8057,784,1460,11.27,1,270,430,0
5102,1963,1260,3.39,1,215,1610,0
8225,1945,1165,11.68,1,201,1272,0
1937,1744,572,0.67,1,255,650,0
82,6652,25,0.68,0,6,17,1
6,3699,16,0.63,0,3,27,1
4687,985,1216,1.99,1,130,2463,0
7454,914,1264,6.12,1,250,2974,0
3501,1934,1408,10.09,1,155,3048,0
3646,412,1459,2.14,1,260,3106,0
108,5155,11,0.21,0,15,73,1
9638,1729,287,4.69,1,55,360,0
552,1780,598,1.36,0,191,1682,0
7054,1160,164,10.84,1,71,1901,0
29,3284,23,1.57,1,33,131,1
2293,290,1162,5.67,1,186,318,0
6366,915,1499,3.82,1,284,1843,0
9,1519,19,0.53,0,14,103,1
2077,88,345,1.76,1,34,2228,0
5672,938,336,4.38,1,267,408,0
21,3639,3,1.75,0,30,38,1
17,1280,18,0.09,0,26,147,1
6288,758,846,6.02,1,158,759,0
2193,1167,1041,4.85,1,43,1897,0
14,2638,23,0.53,1,20,24,1
8,7343,0,0.82,0,22,54,1
819,1820,1253,4.81,1,75,2479,0
9611,1355,272,11.24,1,115,1787,0
8804,1551,793,11.59,1,57,1001,0
5232,1866,228,13.3,1,207,3088,0
34,1099,11,0.68,0,35,85,1
38,6412,13,0.66,0,32,145,1
766,1637,1053,3.78,1,62,811,0
30,560,12,1.21,0,35,99,1
15,513,16,1.91,0,26,83,1
4830,1592,950,14.61,1,164,2617,0
3567,1296,298,4.14,1,97,707,0
5625,1875,1326,4.94,0,114,1686,0
5337,761,222,10.85,1,253,625,0
52,2652,1,0.48,0,8,137,1
148,1321,679,8.23,1,233,3586,0
834,575,275,12.22,1,122,2073,0
80,5826,3,0.35,0,1,40,1
8023,1259,463,10.54,1,136,1272,0
7450,245,1244,1.34,1,15,3354,0
80,5192,5,1.15,0,36,41,1
5782,649,316,4.06,1,58,3251,0
5174,1516,58,14.52,1,60,226,0
177,6716,12,1.0,1,34,45,1
3316,1141,766,10.7,1,198,1596,0
63,6685,23,0.16,0,13,175,1
136,7019,24,0.28,0,39,116,1
21,6999,9,1.51,0,6,2,1
151,3739,28,0.28,1,14,125,1
2832,600,1294,14.46,0,167,2990,0
9324,1317,498,3.97,1,23,1568,0
9213,1493,926,7.41,1,106,460,0
131,3964,28,1.91,0,14,44,1
14,6808,26,0.37,0,23,92,1
18,2699,16,1.16,0,12,145,1
5646,1194,173,4.84,1,90,2962,0
9877,756,910,6.77,1,119,550,0
9867,1516,38,8.2,1,54,2176,0
1784,1092,657,14.44,1,120,3587,0
2685,1793,1021,14.3,1,114,1307,0
105,6080,18,0.27,0,16,79,1
183,1793,18,0.25,0,3,54,1
7246,185,1450,2.03,1,87,3613,0
182,2365,17,1.28,1,5,133,1
5668,750,802,7.86,1,47,2367,0
6074,1685,165,13.42,0,202,1012,0
1809,775,897,12.15,1,220,217,0
6066,143,989,7.23,1,205,2197,0
192,2195,27,1.74,0,24,48,1
24,5492,6,1.43,0,2,116,1
7289,1362,535,14.52,1,201,933,0
20,5259,2,0.25,0,34,65,1
1034,342,1483,10.56,1,258,685,0
1356,731,593,9.96,1,102,896,0
104,617,642,7.52,1,66,2695,0
95,3377,16,0.65,0,35,41,1
176,3422,5,0.9,1,38,37,1
5861,947,994,13.64,0,235,576,0
8955,1286,1255,9.52,1,26,2098,0
8477,416,545,5.22,1,26,2102,0
0,1289,21,0.84,0,13,49,1
117,3263,27,0.48,0,1,148,1
32,3648,25,1.74,0,25,64,1
99,5021,24,0.46,0,25,157,1
7214,1229,88,11.67,1,78,462,0
9459,1277,1259,1.14,1,106,2624,0
176,2477,18,0.38,0,21,118,1
76,1248,0,1.68,0,19,172,1
1696,457,1253,1.49,1,238,2212,0
748,1802,1261,7.52,1,279,841,0
7533,1591,371,10.02,1,170,3587,0
192,1926,13,0.38,0,21,177,1
190,2896,16,1.03,1,36,91,1
187,6802,15,1.72,0,10,144,1
92,5911,1,1.34,0,16,22,1
352,1156,557,0.68,1,66,1718,0
9112,104,99,10.46,1,51,3503,0
3629,750,170,12.99,1,17,2341,0
99,7093,22,1.54,0,29,129,1
7361,546,865,5.94,1,109,2964,0
282,929,174,5.52,1,27,1478,0
256,157,1492,7.12,1,54,2202,0
9039,1592,243,6.58,1,96,3548,0
164,2931,28,1.26,0,23,4,1
5014,1483,138,3.28,0,130,850,0
9957,1482,399,1.54,0,170,2485,0
9542,740,357,14.72,1,113,3013,0
2921,1512,607,13.44,1,243,934,0
6993,129,247,10.73,1,114,3065,0
175,1371,1181,8.02,1,238,1467,0
167,1647,31,9.02,1,272,1822,0
6285,180,614,6.93,1,135,1285,0
56,4820,27,1.89,0,9,177,1
121,3903,14,0.5,0,27,33,1
864,1329,1467,6.87,1,54,2393,0
4258,953,597,12.68,1,35,3156,0
7031,1713,365,3.1,1,79,1784,0
141,5889,3,0.68,0,17,62,1
56,1338,26,0.1,0,12,70,1
5784,1402,1034,8.34,1,289,977,0
3926,716,1164,7.97,1,51,3085,0
137,1245,26,0.2,0,37,22,1
1006,1591,1433,4.5,1,209,1492,0
176,3667,21,1.79,0,35,74,1
23,4211,25,1.76,0,28,144,1
9590,879,1004,7.35,1,177,1452,0
4501,1986,991,11.12,1,275,3574,0
2767,1829,711,14.54,0,292,1229,0
6788,1180,380,10.02,1,268,1102,0
10,2658,7,1.17,0,26,37,1
2377,217,1452,2.45,1,256,2355,0
33,3534,6,0.83,0,39,33,1
19,1472,16,1.43,0,30,174,1
1030,1012,1272,10.31,1,278,2965,0
1713,1454,19,2.28,1,88,1255,0
185,1050,4,0.6,0,20,83,1
100,3975,0,1.42,0,0,166,1
3536,1037,1321,14.73,1,283,2276,0
825,1434,300,10.69,1,182,1682,0
5,2229,10,0.48,0,34,136,1
9600,1997,192,10.86,1,94,991,0
4256,51,1115,3.48,1,14,2946,0
198,4764,14,0.55,0,37,90,1
171,522,12,1.15,0,24,88,1
181,2933,25,0.34,0,15,75,1
2132,1385,138,6.5,1,67,2738,0
4662,1477,1142,12.51,1,194,1377,0
1888,1137,509,13.46,0,158,2183,0
5999,1115,773,5.72,1,202,450,0
4542,1912,375,4.08,1,70,2431,0
1866,1402,1249,2.57,1,201,2108,0
3435,1662,594,13.44,1,44,1929,0
4228,1577,211,11.6,1,80,1232,0
1578,194,1364,10.2,1,37,282,0
3540,1742,689,3.61,1,115,953,0
98,5940,22,0.19,0,29,54,1
9845,488,905,11.2,1,149,3366,0
79,6949,21,1.73,0,3,125,1
562,1637,1254,5.97,1,207,1042,0
9114,1424,718,11.2,1,230,1724,0
5355,162,472,13.8,1,164,2676,0
9961,808,263,0.87,1,144,2902,0
69,6736,6,1.49,0,4,55,1
738,1905,219,11.98,1,64,1592,0
26,5405,2,1.16,0,37,179,1
1204,1829,125,9.54,1,175,2938,0
111,2652,23,1.46,1,13,14,1
23,4171,5,0.09,1,36,120,1
2928,1979,818,12.05,1,41,2513,0
178,1161,24,0.36,0,20,8,1
6038,943,865,2.24,1,64,3061,0
6826,663,161,12.76,1,22,2950,0
9496,867,269,12.3,1,241,1333,0
9402,1200,582,10.75,1,25,703,0
170,2537,23,1.86,0,17,1,1
8599,1086,1063,13.82,1,166,1818,0
7295,1839,47,0.5,1,57,3365,0
9,7337,29,1.11,0,38,146,1
4362,729,133,14.43,1,212,3194,0
60,5170,11,1.82,0,35,36,1
1234,608,697,10.18,1,212,2224,0
2840,1730,321,14.16,0,19,1281,0
150,7037,0,0.58,1,33,61,1
165,609,9,1.87,0,7,98,1
78,6344,7,0.84,0,33,96,1
7596,559,485,4.4,1,107,1254,0
2421,1760,140,13.21,1,53,2204,0
130,3638,0,0.31,1,35,13,1
5585,1601,1110,3.66,1,192,999,0
13,801,14,1.62,0,7,28,1
395,1829,655,9.35,1,215,2086,0
148,3629,5,0.19,0,15,89,1
108,4185,9,1.3,0,20,173,1
4960,51,550,3.72,1,85,798,0
904,127,671,0.87,1,160,1988,0
1119,1205,1499,10.47,1,36,3565,0
5123,1002,96,5.89,1,88,1127,0
89,3770,13,0.89,0,13,137,1
170,6146,22,0.68,0,17,92,1
76,7266,23,1.7,0,29,86,1
11,3220,6,1.57,1,39,104,1
4221,365,508,14.17,1,19,1571,0
66,6431,24,0.04,0,13,19,1
4472,1999,1387,6.12,0,284,3568,0
8858,1314,251,7.23,1,32,2142,0
7576,159,1187,10.26,1,198,331,0
36,5444,19,1.21,0,32,37,1
16,1566,28,0.18,0,5,19,1
6470,1282,1122,12.86,1,258,1903,0
78,4547,1,0.88,0,9,157,1
2532,404,559,3.45,1,200,2213,0
149,3627,24,0.27,0,22,104,1
6851,701,199,6.99,1,280,2470,0
174,2234,20,1.3,0,8,152,1
7468,878,323,7.41,1,214,1326,0
142,2838,22,1.75,0,28,3,1
9447,1935,1108,3.68,1,67,1220,0
135,6731,0,0.4,0,36,27,1
136,3847,20,1.45,0,10,20,1
5458,159,697,10.13,1,224,512,0
171,3490,19,1.16,0,25,25,1
3486,1893,1022,12.5,1,236,2243,0
6859,172,1375,9.51,1,222,2415,0
32,1576,12,0.83,1,17,79,1
4786,1531,965,11.55,1,51,2097,0
2797,1141,1135,14.93,1,202,2660,0
112,7138,2,1.59,0,23,77,1
2899,1806,1246,11.63,1,188,967,0
153,5994,15,1.07,0,13,144,1
135,2071,29,1.52,1,22,130,1
6666,304,158,4.26,1,16,2109,0
3940,498,831,13.25,1,262,3081,0
6304,195,84,11.04,1,262,565,0
3650,1269,649,6.58,1,14,852,0
29,7385,4,0.86,1,32,84,1
8995,767,434,2.3,1,248,3500,0
158,5843,8,1.89,0,39,3,1
65,4034,28,0.22,0,22,106,1
6047,521,197,8.08,1,271,1100,0
11,4824,23,0.94,0,26,162,1
7152,1152,1137,3.7,0,262,2177,0
181,3151,0,1.95,0,12,148,1
120,4363,22,0.77,0,12,77,1
150,4779,8,1.95,0,3,64,1
107,3709,8,0.19,0,21,72,1
37,2822,25,1.88,1,3,4,1
61,7053,2,1.24,0,37,156,1
66,1145,13,0.73,0,17,94,1
109,4290,9,0.34,0,16,31,1
5172,916,172,6.37,1,184,2943,0
127,1733,8,1.65,0,35,176,1
5580,1416,59,11.94,1,17,438,0
7717,533,1033,2.83,1,141,2256,0
6,5506,3,0.2,0,22,149,1
7691,1137,1236,1.48,1,219,721,0
144,3460,3,1.52,0,1,21,1
6333,1767,353,3.23,1,160,1891,0
9812,364,783,12.17,1,110,780,0
7442,1529,691,11.07,1,267,2173,0
102,4177,9,1.12,0,33,81,1
58,6106,12,0.87,0,27,95,1
778,1919,286,1.45,1,114,1285,0
54,5334,27,1.56,0,31,38,1
105,886,15,1.97,0,28,172,1
119,1969,13,1.38,0,22,146,1
7265,1254,1017,13.66,1,246,2677,0
24,2646,23,1.53,0,25,100,1
47,2333,19,2.0,0,2,138,1
3759,364,158,14.42,1,56,2003,0
165,5911,4,1.45,0,28,137,1
152,4505,29,1.44,0,15,35,1
1635,1338,876,2.01,1,223,1111,0
5642,1010,387,5.48,1,120,1171,0
1981,1764,110,11.94,1,18,1624,0
3,6372,26,0.4,0,24,155,1
4332,742,1135,4.69,1,225,2028,0
102,2902,0,0.0,0,30,60,1
35,4916,1,0.21,0,17,20,1
197,4667,16,1.66,0,16,8,1
5628,788,1337,7.3,1,34,820,0
1842,1955,50,9.31,1,222,3242,0
56,823,22,0.95,0,19,110,1
4994,1481,854,7.53,1,136,280,0
6883,922,555,5.08,1,32,3113,0
4249,1253,320,3.8,1,231,1369,0
114,1886,17,1.46,0,20,11,1
1669,1417,88,1.83,1,191,2128,0
57,6800,18,0.08,1,18,43,1
9815,474,620,1.98,1,246,1572,0
74,6882,15,1.37,0,24,51,1
193,5802,3,1.69,0,7,98,1
1403,58,32,6.19,1,153,1815,0
1891,1944,831,1.23,1,174,3415,0
139,1457,2,1.38,0,38,87,1
2919,1930,666,12.02,1,200,1255,0
13,4507,10,0.73,0,4,54,1
68,7316,23,0.41,0,5,69,1
57,5214,14,1.39,1,16,35,1
9771,951,993,8.6,1,155,504,0
6798,550,581,6.36,0,220,395,0
7362,426,1257,1.06,1,11,2788,0
77,4912,17,0.85,0,22,26,1
123,1695,2,0.72,1,27,59,1
1003,1604,661,4.01,1,212,1474,0
83,1230,29,1.04,0,25,47,1
127,1605,1330,5.84,0,110,1389,0
8917,1655,965,12.2,0,139,1261,0
199,6438,19,1.35,0,33,12,1
100,2962,11,0.54,1,37,39,1
3677,484,1253,7.55,1,256,3482,0
88,1830,23,1.45,0,11,100,1
30,1538,27,1.09,0,36,56,1
7610,1206,794,5.04,1,294,1460,0
8185,1676,1162,4.27,0,58,3342,0
76,2221,24,1.94,0,31,44,1
5174,1435,575,7.71,1,288,3480,0
75,2340,20,0.77,1,22,80,1
1116,664,634,4.38,1,134,857,0
134,2940,12,0.8,0,37,82,1
5222,98,1193,5.01,1,98,2204,0
56,3557,8,1.68,0,30,140,1
30,3503,7,1.16,0,9,161,1
5398,1173,472,12.8,1,193,1575,0
5965,297,1151,0.67,1,152,1579,0
7880,40,611,14.23,1,249,694,0
95,2366,4,1.42,0,18,11,1
2941,659,362,1.99,1,195,478,0
2377,1902,272,7.83,1,115,2666,0
111,3231,17,1.56,0,0,68,1
4284,382,969,1.84,1,132,2277,0
3496,1572,987,8.87,1,72,1503,0
9057,1024,779,1.41,1,282,3626,0
54,6558,11,0.67,0,18,169,1
2888,1898,618,4.42,1,77,302,0
7771,1409,1141,6.57,0,131,224,0
165,3784,7,0.35,0,16,169,1
7175,230,1008,6.13,1,91,907,0
122,3591,14,0.82,0,3,157,1
7993,924,993,4.39,1,22,2438,0
4549,690,1297,8.76,1,198,1754,0
8,4437,0,1.57,0,3,161,1
122,4428,2,0.96,0,32,124,1
18,1409,13,1.78,0,15,103,1
5,3502,28,0.33,0,26,34,1
148,5453,29,0.13,0,32,135,1
18,6420,17,1.67,0,25,177,1
125,3846,17,1.96,0,36,134,1
123,2375,19,1.13,0,25,131,1
7016,1397,1286,1.29,1,238,1149,0
121,4576,16,0.27,0,22,163,1
8484,1620,1387,9.35,0,160,1275,0
86,949,13,1.91,0,13,19,1
8730,160,1103,6.09,1,188,352,0
5370,1542,883,1.02,1,117,280,0
910,1853,354,13.15,1,77,959,0
1078,1162,679,1.24,1,34,497,0
299,620,707,10.11,1,32,3423,0
114,2407,21,0.06,0,17,62,1
8439,1555,495,11.58,1,179,1655,0
88,7024,19,1.44,0,6,173,1
152,5666,2,1.34,0,35,151,1
101,1744,17,0.73,1,32,86,1
166,4872,27,0.63,1,8,98,1
91,4378,18,0.63,0,20,64,1
33,7120,10,0.94,0,11,153,1
17,604,9,1.98,0,0,45,1
46,512,0,1.09,0,19,86,1
9873,448,173,3.57,1,70,2258,0
138,2992,18,1.7,1,24,163,1
15,1629,20,0.04,0,25,176,1
143,2241,21,0.01,0,25,159,1
190,7074,3,0.94,0,17,27,1
30,2363,24,1.0,0,9,118,1
22,7291,20,0.23,0,38,59,1
75,5622,20,1.62,0,21,137,1
97,6747,11,1.46,1,22,76,1
7499,1018,1451,5.31,1,285,1594,0
92,3548,23,0.87,0,23,22,1
10,7197,26,1.72,0,4,135,1
107,7222,6,1.34,0,14,98,1
169,2724,8,0.73,0,25,147,1
3377,1941,603,11.2,1,245,2787,0
3374,913,1099,8.91,1,87,1302,0
109,3282,17,1.33,0,19,7,1
110,3849,13,1.12,0,16,85,1
2864,1881,924,12.2,1,128,1632,0
115,2711,12,1.97,0,23,146,1
89,7228,13,1.71,1,20,130,1
1915,489,1022,11.94,1,36,208,0
717,908,1400,8.87,1,157,2266,0
2795,599,145,5.7,1,208,964,0
74,7096,13,1.91,0,15,28,1
102,1624,5,1.22,0,11,158,1
167,7412,16,0.08,0,5,164,1
147,1808,24,1.87,0,38,134,1
13,3906,0,0.62,0,17,151,1
91,6621,5,1.3,1,6,65,1
31,5944,16,1.35,0,4,23,1
43,2607,29,1.46,1,10,78,1
53,5798,27,0.2,0,34,68,1
51,6342,2,0.27,1,32,38,1
159,6456,14,0.6,0,29,90,1
192,510,29,0.14,0,1,178,1
193,7223,23,1.91,0,3,48,1
53,5447,4,0.25,0,14,55,1
140,6024,15,0.02,0,16,101,1
2175,1739,627,4.95,1,241,1401,0
974,826,311,14.28,1,227,417,0
3418,1420,990,3.72,1,94,558,0
121,901,2,1.53,0,31,89,1
6363,618,1321,7.17,1,175,1783,0
7190,1038,831,6.67,1,255,1861,0
2973,443,122,6.84,1,110,355,0
108,5487,10,0.69,1,4,4,1
170,3824,24,1.26,0,26,153,1
158,4583,24,1.82,0,31,128,1
126,2085,23,1.8,0,8,105,1
8385,1734,1385,3.77,1,218,807,0
1016,948,402,12.73,1,162,1050,0
9398,855,1415,13.41,1,196,1661,0
170,6727,26,0.03,0,4,155,1
113,5987,28,0.24,0,37,146,1
1956,636,133,10.67,1,17,2125,0
166,5939,24,1.3,0,10,24,1
6,5752,24,1.81,1,1,26,1
7593,357,735,14.65,0,201,1245,0
198,5795,1,0.99,1,22,101,1
441,1168,60,7.66,1,151,2360,0
3080,363,962,14.42,1,194,2866,0
9630,1166,282,1.22,1,139,1685,0
14,4980,26,0.87,0,0,147,1
4214,1842,207,12.2,0,148,1232,0
8245,317,619,11.18,1,152,3202,0
92,3602,26,0.04,0,9,81,1
196,2314,28,0.85,0,8,95,1
100,1629,3,1.41,0,5,149,1
9915,53,893,9.05,1,265,1167,0
103,2524,17,0.46,0,31,142,1
1675,720,1080,2.57,1,101,446,0
9389,102,1251,7.15,1,153,2012,0
4802,739,1362,1.41,0,205,3481,0
8200,119,885,4.67,1,73,1768,0
896,578,851,0.72,1,249,197,0
8982,1397,1113,5.09,0,272,3512,0
7620,1099,590,12.35,1,60,2803,0
10,6111,0,0.7,0,36,59,1
109,2334,6,1.34,0,34,108,1
2758,1054,940,2.99,1,106,1919,0
69,4671,19,1.99,0,9,92,1
6182,68,482,3.04,1,295,2741,0
60,4469,4,1.7,0,0,113,1
3426,733,1440,0.92,1,163,1879,0
45,3252,12,0.07,0,24,100,1
8719,1796,622,13.28,1,58,3548,0
10,3497,7,0.9,0,26,77,1
7698,1731,1383,4.8,1,115,699,0
4859,821,414,2.35,1,60,2924,0
6234,550,150,2.41,1,234,3037,0
6556,346,915,6.78,1,255,2750,0
160,3626,8,1.19,0,30,38,1
57,2965,16,1.57,0,24,90,1
1131,1624,829,13.69,1,188,2274,0
3490,347,52,0.84,1,160,816,0
9231,921,567,13.58,1,127,839,0
4807,524,469,8.27,1,236,718,0
7627,50,173,13.48,1,18,1237,0
7290,1918,940,2.78,1,253,862,0
7827,394,1200,1.07,1,195,621,0
6424,1927,1485,13.74,1,13,253,0
5349,1850,542,9.61,1,102,210,0
8842,852,1098,6.74,1,46,3278,0
3467,986,347,6.17,1,154,535,0
5584,1666,785,3.32,1,164,1319,0
66,3772,3,1.55,0,8,23,1
33,2166,0,1.97,0,27,116,1
5365,734,1020,11.74,1,65,2312,0
4943,623,490,2.08,1,108,2577,0
8180,255,101,10.16,1,295,537,0
72,5191,20,1.8,0,15,110,1
9924,1433,158,10.75,1,259,3597,0
3122,945,247,10.92,1,164,726,0
7,7245,16,0.54,1,13,53,1
72,5906,26,1.05,0,29,179,1
6695,1246,92,5.16,1,90,1100,0
39,3901,22,0.11,0,7,95,1
7764,1128,932,6.83,1,278,3310,0
157,2322,25,1.45,0,30,127,1
46,4473,15,0.19,0,36,77,1
767,382,451,8.39,1,235,3460,0
140,5038,8,0.55,0,29,176,1
4347,1439,463,5.75,1,86,1382,0
93,1888,17,1.92,0,36,41,1
5361,790,584,1.2,1,123,2127,0
90,5757,12,0.25,1,23,36,1
3751,413,655,3.16,1,118,1120,0
2836,1369,590,4.75,1,128,2088,0
4919,978,787,4.44,0,122,228,0
1757,1365,659,10.32,1,296,2997,0
4238,430,556,6.85,1,95,1648,0
2961,54,82,4.68,1,153,2267,0
688,223,734,10.27,1,189,2253,0
2129,1044,849,8.36,1,26,3155,0
2098,784,1327,10.25,1,230,932,0
7610,280,262,1.55,1,139,1406,0
127,837,27,1.81,0,19,32,1
8067,1326,1150,11.82,0,131,3225,0
74,7468,9,1.8,0,27,170,1
4692,1496,978,7.0,1,125,2408,0
120,6707,11,0.01,0,15,32,1
3526,1304,952,1.34,1,274,735,0
83,807,27,0.78,0,4,85,1
103,1656,9,0.64,0,0,117,1
187,3459,26,1.47,0,20,72,1
4050,609,753,10.84,1,171,1018,0
39,5605,24,1.77,0,15,81,1
5800,745,205,11.39,1,227,457,0
135,3723,25,0.63,0,19,112,1
4961,430,636,7.51,1,16,1369,0
7833,542,1428,3.1,1,16,1398,0
247,511,468,0.95,1,108,2623,0
4463,1758,673,6.97,1,76,2551,0
55,2986,0,0.27,0,31,73,1
4904,1884,490,7.95,1,141,2104,0
1200,255,1293,12.72,1,61,2883,0
1127,228,775,4.89,1,102,1473,0
7,5785,2,0.8,0,5,40,1
190,4423,12,2.0,0,30,123,1
174,6552,4,1.23,0,37,36,1
145,4539,12,0.43,0,5,52,1
8741,46,1435,14.73,0,282,476,0
52,6831,17,1.26,0,2,78,1
2922,1695,288,9.44,1,71,558,0
4712,1073,846,8.34,1,156,1078,0
189,2306,10,1.27,0,9,16,1
69,6346,26,1.05,0,7,60,1
76,2817,6,0.5,1,4,111,1
199,6252,29,1.92,0,15,71,1
8850,1554,311,11.47,1,223,1216,0
1317,1553,1398,13.69,1,298,1137,0
573,743,647,8.51,1,48,1309,0
8837,1093,157,4.89,1,52,2733,0
38,6114,0,0.05,0,25,97,1
1,6205,28,1.22,0,8,85,1
123,4696,25,0.07,1,12,56,1
117,6327,16,0.09,0,1,111,1
9737,157,1157,2.15,1,143,1900,0
23,4831,3,0.45,0,16,24,1
8562,1435,637,3.39,1,293,3437,0
1415,1286,945,12.73,1,146,1306,0
64,3762,17,1.13,0,14,53,1
2443,965,752,6.25,0,298,3039,0
7450,1371,779,7.59,1,35,2965,0
2483,1107,713,11.28,1,85,2498,0
6152,68,51,4.77,1,43,403,0
5079,553,244,0.68,1,183,2029,0
6849,216,466,0.5,0,88,2445,0
138,798,2,1.23,0,30,101,1
1545,823,866,6.75,0,276,489,0
5451,903,454,1.62,1,195,2254,0
6446,1657,598,3.19,1,35,3022,0
1631,186,240,8.93,1,53,3137,0
72,6627,17,1.78,0,13,69,1
198,6821,26,1.18,0,18,36,1
180,5760,27,0.83,0,20,52,1
135,3056,23,1.78,0,1,5,1
9411,1443,323,6.27,1,66,952,0
100,7277,14,0.58,0,17,159,1
195,1854,14,1.82,0,8,34,1
102,4106,25,1.52,0,27,14,1
5591,1720,792,3.53,1,238,1157,0
160,1799,26,0.2,0,16,124,1
6650,1324,951,6.54,1,28,2689,0
5792,260,622,1.52,1,68,2949,0
9975,1815,599,5.79,0,245,245,0
63,3971,21,0.37,0,36,7,1
6421,948,1195,14.32,1,123,1193,0
8915,1080,1088,11.26,1,190,3482,0
125,6626,29,1.04,1,25,43,1
102,1812,10,1.86,0,13,27,1
1415,69,241,3.81,1,10,1205,0
7236,1548,279,12.16,1,28,998,0
467,69,1130,9.13,1,106,1744,0
34,5438,29,0.23,0,0,3,1
1113,1409,963,4.43,1,197,2333,0
3868,1548,87,12.92,1,121,1084,0
9687,739,1026,8.37,1,193,1273,0
8716,1036,1192,1.65,1,247,3462,0
94,3312,14,0.5,0,4,28,1
5437,1320,563,5.83,1,105,1027,0
112,3557,17,0.53,0,12,13,1
4605,1835,158,6.1,1,50,1794,0
5617,43,1024,2.81,1,159,1778,0
44,2164,15,1.61,0,2,72,1
7129,993,1089,11.36,1,180,3640,0
5920,664,1433,10.44,1,119,2074,0
146,3168,9,0.16,0,12,147,1
182,5734,15,0.12,1,7,91,1
587,1661,1143,12.02,1,25,245,0
5635,621,926,1.25,1,275,309,0
145,4632,26,1.73,0,3,12,1
165,3505,26,1.37,0,27,165,1
5166,1431,307,5.75,1,283,1619,0
180,3874,21,1.86,0,32,166,1
6366,1405,107,8.95,1,237,1957,0
62,2937,24,0.26,0,38,78,1
48,1318,0,1.34,0,36,134,1
2618,1211,628,14.01,1,101,267,0
182,849,15,0.52,1,12,117,1
1736,923,868,6.41,1,254,1195,0
31,7230,29,1.78,0,33,113,1
4157,1702,26,6.0,1,159,552,0
6027,71,1384,2.25,0,30,889,0
84,3487,16,1.79,0,0,60,1
6540,271,864,7.86,1,165,2955,0
183,1057,13,0.1,0,2,16,1
4923,1701,1096,10.78,1,205,2914,0
6,2598,20,1.51,0,33,21,1
141,645,27,1.69,0,10,70,1
55,1684,538,2.04,1,178,1485,0
67,7353,24,0.07,0,25,47,1
73,5468,23,1.95,0,21,27,1
